window_id,lambda_center_um,lambda_start_um,lambda_end_um,num_points,E_L2,dominant_pc,dominant_sign,dominance_index,opposition_fraction,V_PC1,V_PC2,V_PC3,V_PC4,V_PC5,V_PC6,V_PC7,V_PC8,V_PC9
0,2.75,2.5,3.0,667,0.0010882132605495051,PC1,1,0.16441855393450167,0.375,0.000501240521383511,-0.00027105109525781256,0.0001873994882397872,0.0003313874089740785,0.00025997105490724494,0.0004822530915749751,-0.0004053575938489105,0.0004839798625397028,-0.0001259241078637818
1,2.85,2.6,3.1,621,0.001434561680101406,PC1,1,0.18535387043980542,0.375,0.0007408409269034157,-0.0003527608712864623,0.00023357676644613463,0.0004346247173891811,0.0003717530464191067,0.0006263725445448183,-0.0004878845820516458,0.000589118778763917,-0.00015996799355802376
2,2.95,2.7,3.2,579,0.0017144127716892102,PC1,1,0.21814340827579057,0.375,0.0010179675317242153,-0.00038636487633314336,0.00024095683350078813,0.0005005559403611438,0.0004728537502331574,0.0007253115707980995,-0.0005166248084984745,0.0006307252259318947,-0.00017514549995593847
3,3.0500000000000003,2.8000000000000003,3.3000000000000003,541,0.002232416711410273,PC1,1,0.2326759663371986,0.375,0.0013959947964006549,-0.0004889693630909236,0.0002970724912940236,0.0006448114876740474,0.000635975021528778,0.0009291574460640829,-0.0006245903866312323,0.0007659358308847749,-0.00021723100228648247
4,3.1500000000000004,2.9000000000000004,3.4000000000000004,507,0.002611284362150281,PC1,1,0.26046438507664077,0.375,0.001773558424444616,-0.0005252331939601834,0.00030498714142422384,0.0007249613888680818,0.0007585077322128912,0.0010439199258500105,-0.0006472821082301569,0.000801323493032114,-0.00022944322987910871
5,3.2500000000000004,3.0000000000000004,3.5000000000000004,476,0.0025237177691124647,PC1,1,0.28577407990656795,0.375,0.0018222213969855204,-0.00046135196914938236,0.000260827157333779,0.0006695524048697261,0.0007226367875663902,0.0009670274353124507,-0.0005698215380035242,0.0007061919044616497,-0.00019680983639886428
6,3.3500000000000005,3.1000000000000005,3.6000000000000005,448,0.0023515433253393832,PC1,1,0.33634828858381344,0.375,0.00185610316508732,-0.00030514682663064047,0.00015831707686911778,0.0005544098179476599,0.0006489636140100153,0.0008327514958239422,-0.00045350918017471114,0.0005635349284879248,-0.00014566023616130122
7,3.4500000000000006,3.2000000000000006,3.7000000000000006,422,0.0022326010361904693,PC1,1,0.3891392934999693,0.375,0.0018752443724363587,-0.0001706532769662358,7.564865991953485e-05,0.0004612029105096294,0.0005850908012169186,0.0007261573873458407,-0.0003650779811870044,0.0004542418829243302,-0.00010563677238169269
8,3.5500000000000007,3.3000000000000007,3.8000000000000007,399,0.001930268836753348,PC1,1,0.5075111484735617,0.375,0.001774856721216504,5.993342679166356e-05,-7.742593292420547e-05,0.0002621627959259228,0.0004449447092483153,0.0004782908795540816,-0.0001611651744295226,0.00020968737897232202,-2.871077999612372e-05
9,3.650000000000001,3.400000000000001,3.900000000000001,377,0.0016849119288926179,PC1,1,0.5754219526883244,0.25,0.0016040954102831946,0.0002181011834050895,-0.0001759158749589555,0.00010718677007029764,0.00030658870730973774,0.00028038453699192294,-2.5831015027420982e-05,4.194667313007261e-05,2.7635287796487453e-05
10,3.750000000000001,3.500000000000001,4.000000000000001,358,0.0016164584970611115,PC1,1,0.5921043041803133,0.14285714285714285,0.0015460041685253722,0.0002194385002957274,-0.0001763378079771969,8.700819975581956e-05,0.000270284408942841,0.0002472827757114767,-9.75600193950043e-06,1.7851605111148792e-05,3.7070022986351384e-05
11,3.850000000000001,3.600000000000001,4.100000000000001,338,0.0015106531374640116,PC1,1,0.641975984412616,0.16666666666666666,0.0014626973883997594,8.481382995457123e-05,-8.750007830289116e-05,0.00012211548206972754,0.00023754765677161806,0.00023357287093861905,-5.6895232394231044e-06,1.9976579295387122e-06,4.2495584412936087e-05
12,3.950000000000001,3.700000000000001,4.200000000000001,322,0.0024339208953581574,PC1,1,0.36000322672821244,0.375,0.002006648564615282,-0.0005244059812849548,0.00036252743546063453,0.0006206836505833778,0.00046740509210611836,0.0007446913033667772,-0.00040070754240248803,0.00041344633176148134,-3.345792874296552e-05
13,4.050000000000001,3.8000000000000007,4.300000000000001,306,0.010225597469108475,PC1,1,0.16763261832029347,0.375,0.004779786901820894,-0.0025844839403176283,0.00185248327971788,0.0030127747543228093,0.0020863597994090362,0.0043765445530917785,-0.0039295167600009355,0.004710027899260074,-0.0011814877472983844
14,4.150000000000001,3.9000000000000012,4.400000000000001,292,0.019280904068170242,PC8,1,0.1680098882700415,0.375,0.007977672823522347,-0.004980634392725912,0.0036777889864207537,0.005923839028285267,0.0039253252848121855,0.008513640850463827,-0.007729770850326858,0.009070027449855392,-0.0021863814692714514
15,4.250000000000002,4.000000000000002,4.500000000000002,277,0.025618679529215278,PC6,1,0.15635732622921106,0.375,0.011187322597287032,-0.007224517336939086,0.005465693484844985,0.008425648942250227,0.005487688936370144,0.011307522298210334,-0.00955281775170617,0.01104512853755422,-0.002622128145137446
16,4.350000000000001,4.100000000000001,4.600000000000001,266,0.028293233254298333,PC1,1,0.17080402590546476,0.375,0.013619825014880266,-0.008277468831920612,0.006200386610662508,0.009393249652702228,0.006222423056969841,0.012217677512409472,-0.009820950315907472,0.011326568686393111,-0.002660935044459797
17,4.450000000000001,4.200000000000001,4.700000000000001,253,0.02905540461938978,PC1,1,0.19811638024000688,0.375,0.01592722832325444,-0.007427170241644766,0.005419155563077048,0.00917400992981732,0.006668544111217109,0.012398182712826571,-0.00960631090474479,0.011160584335997656,-0.0026121074756553057
18,4.550000000000002,4.300000000000002,4.800000000000002,242,0.024920133680294818,PC1,1,0.2677679638120363,0.375,0.01723802968671107,-0.00502059824584717,0.003458332233345438,0.007248287230719911,0.0060879674449038565,0.009900769179905483,-0.006479263543904127,0.007395509510046882,-0.0015479870328528435
19,4.650000000000002,4.400000000000002,4.900000000000002,232,0.023445000818382293,PC1,1,0.3802571660613108,0.375,0.01958989381309694,-0.002720641058847307,0.0014098133897258607,0.005402332938239588,0.005917500209178323,0.007775270422878814,-0.0036238716370199813,0.00424663896709359,-0.0008315251000739012
20,4.750000000000002,4.500000000000002,5.000000000000002,223,0.027299724493439637,PC1,1,0.4607534239321184,0.42857142857142855,0.02426097473245959,-6.237705954008356e-05,-0.0010763620766009792,0.004233451137316727,0.006772980781438264,0.007914218508265547,-0.0032846517335439846,0.00419041482227622,-0.0008595760835345183
21,4.850000000000001,4.600000000000001,5.100000000000001,213,0.03547118424958829,PC1,1,0.41785825562338247,0.42857142857142855,0.03045234820096309,0.0002287327692330105,-0.0017097099253282398,0.005644862897420663,0.009275355597193786,0.011239201738358422,-0.005504002722540243,0.007099518506323642,-0.0017234880664228189
22,4.950000000000002,4.700000000000002,5.200000000000002,204,0.044953221210890154,PC1,1,0.3595981823192955,0.42857142857142855,0.036002240491883115,-0.0028403825568348506,0.00019780303530038228,0.009113674403136244,0.012612334234508709,0.016073835358627466,-0.008829646161301255,0.011328285065803568,-0.00311976997844337
23,5.0500000000000025,4.8000000000000025,5.3000000000000025,197,0.05757762529381435,PC1,1,0.2741715956140571,0.375,0.03996541903981041,-0.008225791896746996,0.004155139517483574,0.014534914731280064,0.016211184878916096,0.023272161069483384,-0.015236067947241291,0.018909829630081455,-0.0052573960578683274
24,5.150000000000002,4.900000000000002,5.400000000000002,189,0.06976890529492544,PC1,1,0.22943696163372976,0.375,0.04282890779990486,-0.013303361046517529,0.007878161772372824,0.019438987423214402,0.019502445955627043,0.029684298545143595,-0.02090975417951412,0.025758460650866073,-0.00736523111074364
25,5.250000000000002,5.000000000000002,5.500000000000002,181,0.08365728182743996,PC1,1,0.18725143929770005,0.375,0.043456906671802735,-0.019374714502723843,0.012741202887816891,0.025028956781538683,0.02185888161077288,0.036876723959226955,-0.02867728731303674,0.034581488995724864,-0.009481661804585567
26,5.350000000000002,5.100000000000002,5.600000000000002,175,0.09768867242638511,PC1,1,0.16040879388805326,0.375,0.04401583515008807,-0.024681196458176496,0.01714065550607257,0.03013298781081862,0.023712151603601624,0.04367794752031495,-0.03637851342461777,0.043259077218704124,-0.011399528859539182
27,5.450000000000003,5.200000000000003,5.700000000000003,169,0.1099370266955001,PC8,1,0.1661116466179495,0.375,0.04471222989993933,-0.028058063153415205,0.020184599155428598,0.03395897519720003,0.02463802320514077,0.049379315888645636,-0.04354524852613745,0.051280695890010254,-0.012955073266375714
28,5.5500000000000025,5.3000000000000025,5.8000000000000025,162,0.11799930466103102,PC8,1,0.17177027258162939,0.375,0.04614883137253548,-0.029522311533440253,0.021536191811941014,0.03596806902363194,0.025170685293018497,0.05289933233560092,-0.04816238345200939,0.05671238355021797,-0.014043947120065054
29,5.650000000000002,5.400000000000002,5.900000000000002,157,0.12774563357946322,PC8,1,0.17787013745797475,0.375,0.04799666728673932,-0.031177658396325702,0.023051760369635736,0.03829809356825452,0.025803405750588114,0.05707788717401787,-0.053685870707887086,0.06327214997197655,-0.015357545034445
30,5.750000000000003,5.500000000000003,6.000000000000003,152,0.13432864030268704,PC8,1,0.18040116976686738,0.375,0.0500549152827289,-0.032415495808562476,0.023958274550373203,0.039819128410646394,0.026746966733149097,0.05979888525634149,-0.05677000826099276,0.06738005534237555,-0.016557481180962133
31,5.850000000000003,5.600000000000003,6.100000000000003,146,0.1395359406800689,PC8,1,0.18216356237220885,0.375,0.051708236000321664,-0.033397421176555225,0.024657420760735585,0.041033863392750815,0.027515507802832333,0.06192770398742816,-0.059190116641386355,0.07060664435536183,-0.017563347075882384
32,5.950000000000003,5.700000000000003,6.200000000000003,142,0.14586240450325172,PC8,1,0.1826981501257777,0.375,0.05402441832025127,-0.03482486486108683,0.025675799429770975,0.042744962016414,0.028769152257222843,0.06465740912130585,-0.06186005668873601,0.07401759572634,-0.018561730505869695
33,6.0500000000000025,5.8000000000000025,6.3000000000000025,137,0.150252246716207,PC8,1,0.18104782680877451,0.375,0.05577487384928723,-0.03614055416378188,0.026739027846260782,0.0444578628845976,0.029758367085343358,0.06681973398226157,-0.06368416711577676,0.07560016728456835,-0.018595390744451604
34,6.150000000000003,5.900000000000003,6.400000000000003,132,0.15452373859943236,PC8,1,0.18011954132159394,0.375,0.05739625385037183,-0.037314697483727545,0.027680896709027895,0.04598666276201794,0.030625841329044362,0.0688591927816774,-0.06549923779692503,0.07737015825780025,-0.018816000194319553
35,6.2500000000000036,6.0000000000000036,6.5000000000000036,128,0.1592840685497312,PC8,1,0.18048560251982504,0.375,0.0592029171975191,-0.0384068902146583,0.028411710620385885,0.047253753772794206,0.031599839797551856,0.0709008949152872,-0.06747384827661104,0.0799206777335653,-0.019638625752197388
36,6.350000000000003,6.100000000000003,6.600000000000003,124,0.1634911802798776,PC8,1,0.18096640019475052,0.375,0.06080288274837749,-0.0393456046508508,0.02903698145587861,0.04831325770622615,0.03246730921075488,0.07268123505101332,-0.06920163251800412,0.08224996147764851,-0.020405183386512954
37,6.450000000000003,6.200000000000003,6.700000000000003,120,0.16747328670001096,PC8,1,0.18148602949148473,0.375,0.062307710515560985,-0.04021875765096525,0.029612122719296956,0.049322224664176226,0.03325868744298477,0.07434541417005538,-0.07085416266274976,0.08448705824484926,-0.021123128736167313
38,6.550000000000003,6.300000000000003,6.800000000000003,117,0.17234415243922685,PC8,1,0.18283080031901947,0.375,0.06397507588601031,-0.041141833119598244,0.030218934204476692,0.050390763928819325,0.03408050288984106,0.0763133968970742,-0.0729521807021682,0.08754460451016903,-0.022211244177460527
39,6.650000000000004,6.400000000000004,6.900000000000004,113,0.17513799529259325,PC8,1,0.18292827690074678,0.375,0.0649563918431239,-0.04177955323216907,0.030710961591161573,0.05119936765297498,0.03457510761132989,0.0775464501625688,-0.07418932785251427,0.08900120878278774,-0.022577722304895465
40,6.7500000000000036,6.5000000000000036,7.0000000000000036,110,0.17878007292960668,PC8,1,0.1811331434542075,0.375,0.06638566820826027,-0.04298796549796416,0.03177946827352086,0.05287075807881673,0.03537790000112719,0.07948762445969956,-0.07574854370064077,0.08999990418490462,-0.02223370898504679
41,6.850000000000003,6.600000000000003,7.100000000000003,107,0.18172560099203672,PC8,1,0.17919785341245298,0.375,0.06765324320647097,-0.044060779896019184,0.032702870804015016,0.054347215117968264,0.03614833518317771,0.08112054272229398,-0.0769255112653512,0.09055921187130825,-0.021841088305112
42,6.950000000000004,6.700000000000004,7.200000000000004,104,0.18435848991667309,PC8,1,0.17737347509496876,0.375,0.06887959399576872,-0.045064315938665146,0.0335273362823213,0.05564498005937127,0.036907380574313385,0.08257251166796209,-0.07792182727141139,0.090989395816736,-0.021474634802373996
43,7.050000000000004,6.800000000000004,7.300000000000004,101,0.1856982145245641,PC8,1,0.17496691866072336,0.375,0.0700862205396341,-0.045882340167045406,0.03404972279026664,0.05652580422542015,0.03783761800361414,0.08341019624923919,-0.07793088117516173,0.09054691192392009,-0.021239058106056696
44,7.150000000000004,6.900000000000004,7.400000000000004,98,0.1849526537770506,PC8,1,0.17122763287795084,0.375,0.07136874761989545,-0.04645750329090016,0.034192211581291376,0.056892238299318575,0.039011346871266256,0.08328515564363718,-0.07625135528566594,0.08852194377571736,-0.0210034813962765
45,7.2500000000000036,7.0000000000000036,7.5000000000000036,95,0.18158627890037277,PC8,1,0.16610179838225006,0.375,0.07294412992112294,-0.046532008909726884,0.03372392628784373,0.05641755200754442,0.04034868561772899,0.08175056728750785,-0.07244065606169287,0.08467468724977993,-0.020943647451274975
46,7.350000000000004,7.100000000000004,7.600000000000004,93,0.17642038572270136,PC6,1,0.15947299501691034,0.375,0.07663694279406244,-0.04533252347146841,0.03206045451574788,0.05500964433205605,0.04188391062863077,0.07915033843761145,-0.06688691193212533,0.07894352911225906,-0.02042014395859889
47,7.450000000000005,7.200000000000005,7.700000000000005,90,0.16468916380160992,PC1,1,0.1694118316415816,0.375,0.07847744797183671,-0.042845924857524864,0.029517361034185022,0.05177358128289014,0.04176224319598308,0.07321540490496195,-0.0579653748788936,0.06901835737402456,-0.01865905741748077
48,7.550000000000004,7.300000000000004,7.800000000000004,87,0.15155320338251238,PC1,1,0.19661829494545563,0.375,0.08266946045522447,-0.03722546309855096,0.02443331256349684,0.04651931057306689,0.041111629767056436,0.06592872594754333,-0.04798395366165862,0.058109440687521816,-0.016475306626344336
49,7.650000000000004,7.400000000000004,7.900000000000004,86,0.14380899544756376,PC1,1,0.22430569296966008,0.375,0.08738618944957363,-0.03198636230506711,0.019941471865541717,0.04240200534579798,0.040346836287141856,0.060922462286053955,-0.041355362729571396,0.05062027161320376,-0.014624288018030522
50,7.750000000000004,7.500000000000004,8.000000000000004,84,0.13337261434028472,PC1,1,0.27497435867820663,0.375,0.09335692177705536,-0.021785323482304247,0.011999238511384538,0.03531606581288638,0.03794814385193764,0.0535490004623551,-0.03300872146633337,0.0409224633154864,-0.011625493310791797
51,7.850000000000005,7.600000000000005,8.100000000000005,81,0.12230731101640017,PC1,1,0.3567024497387588,0.375,0.09761173411292225,-0.0076361941857345595,0.0013947751168939997,0.025849160716663367,0.033430081481437154,0.044562479743381594,-0.02437292561533125,0.030637487467031668,-0.008155466413881693
52,7.950000000000005,7.700000000000005,8.200000000000005,79,0.12033899960522408,PC1,1,0.4039019358545194,0.375,0.10337304707625287,0.008295385829814367,-0.010566094999776718,0.016733895901057685,0.029703251685903098,0.03836114551393761,-0.018972541576669638,0.024273093965718175,-0.005657546474847897
53,8.050000000000004,7.800000000000004,8.300000000000004,78,0.12426839838855054,PC1,1,0.4186503387482825,0.375,0.10924650436628813,0.021611018234466112,-0.0201351771000797,0.009891324962873588,0.026857406024898955,0.034195136343441776,-0.01536346101205436,0.01992491137021176,-0.0037243403424461223
54,8.150000000000006,7.900000000000006,8.400000000000006,75,0.12560864792263188,PC1,1,0.442055805100333,0.3333333333333333,0.10962984520202783,0.03717791636476206,-0.03166176336646553,0.00013021546595604324,0.021553705490179854,0.02623621423993675,-0.00875948176333648,0.01199075994257922,-0.0008601106906527083
55,8.250000000000005,8.000000000000005,8.500000000000005,73,0.12851964972512156,PC1,1,0.42705420467724453,0.42857142857142855,0.10916458386400807,0.0461996954642075,-0.03826567261081226,-0.005095354745607201,0.01845468009144409,0.022693230587676055,-0.006360299287296081,0.008917649650257042,0.0004711473731620443
56,8.350000000000005,8.100000000000005,8.600000000000005,72,0.1310662402816292,PC1,1,0.4195106185023476,0.42857142857142855,0.10997373127434924,0.04966923910235672,-0.04063621526781598,-0.006548375651265224,0.017880152221691523,0.022217418837482582,-0.006011130226781564,0.008545817901975,0.0006655897396374988
57,8.450000000000005,8.200000000000005,8.700000000000005,70,0.12711468161842124,PC1,1,0.40890416249432143,0.375,0.104471606663565,0.05164474064221897,-0.042244028712030916,-0.008611259258758459,0.015660202109831257,0.020003864071661617,-0.004804219177426297,0.006944979013571039,0.0011067686829158926
58,8.550000000000004,8.300000000000004,8.800000000000004,68,0.12308799453303548,PC1,1,0.39825433172901775,0.375,0.09872276818223638,0.05327154543912387,-0.04380360698103221,-0.010710764864775018,0.013344794540317832,0.01769379305561048,-0.003500624014081215,0.005199269363094687,0.0016415828261388669
59,8.650000000000006,8.400000000000006,8.900000000000006,67,0.1219947910216557,PC1,1,0.3942452316859647,0.375,0.09726272010423462,0.05327065209990254,-0.04402508102917894,-0.01083694356825011,0.013034893586600448,0.01775874764391763,-0.003636175535529155,0.005325391861469742,0.0015555365534001015
60,8.750000000000005,8.500000000000005,9.000000000000005,65,0.11926954920860981,PC1,1,0.38761768063052693,0.375,0.09375343833862354,0.05350096292528302,-0.04440904300489366,-0.011515683630505674,0.01198857180758281,0.01696791439184186,-0.0032688858961993287,0.0048397962199755494,0.0016266065419487294
61,8.850000000000005,8.600000000000005,9.100000000000005,64,0.1220245494448577,PC1,1,0.38148135565990776,0.375,0.09416998213075657,0.056748290883649306,-0.04711710442535167,-0.01336749439558966,0.011001226265604626,0.016018576194142604,-0.0024953529106967595,0.003822720570026839,0.002112684858801966
62,8.950000000000006,8.700000000000006,9.200000000000006,63,0.12302481380745661,PC1,1,0.37717884981798444,0.375,0.09394320021235004,0.058162276645592044,-0.048413769330970295,-0.014156143326059207,0.010487757055927388,0.015802051928937966,-0.0022967662044941547,0.0035401181647872998,0.0022659660357560118
63,9.050000000000006,8.800000000000006,9.300000000000006,61,0.12076414334637064,PC1,1,0.37338768393396204,0.375,0.09101266981511469,0.058286347979142276,-0.04859820033081394,-0.014874312608848242,0.009317909437606655,0.014729995356292795,-0.0017220036636689127,0.0027167630808724043,0.002490249353621806
64,9.150000000000006,8.900000000000006,9.400000000000006,60,0.1225554571475064,PC1,1,0.37698776280898305,0.375,0.09309016920207584,0.05844626537157479,-0.04880831210478378,-0.014733859004586056,0.009675330333286951,0.015096044952030103,-0.0017789595066887648,0.00277485943563014,0.002527741072131282
65,9.250000000000005,9.000000000000005,9.500000000000005,59,0.11870930296723457,PC1,1,0.37883641447540817,0.375,0.09011967234489708,0.056536197233128596,-0.047617211741182705,-0.01467611448156681,0.008933477200470889,0.014097580703534772,-0.001231125129709337,0.0020004918740015847,0.002673583016145146
66,9.350000000000005,9.100000000000005,9.600000000000005,57,0.11270377849648065,PC1,1,0.37615324689702895,0.2857142857142857,0.0846582901218109,0.054371007259524096,-0.04615812351635501,-0.014737458459377387,0.0076303060177237035,0.012763947677952095,-0.0006953254546545304,0.0012107347456197647,0.00283810427312593
67,9.450000000000006,9.200000000000006,9.700000000000006,56,0.11163050922535658,PC1,1,0.3772813356724686,0.2857142857142857,0.08391096354514281,0.05372660573667348,-0.04579538891269505,-0.014712217473020043,0.007430524676216681,0.012464600536839312,-0.0005237537659667649,0.0009587543650633392,0.0028867183390514487
68,9.550000000000006,9.300000000000006,9.800000000000006,55,0.11300957490079237,PC1,1,0.37785571820062663,0.2857142857142857,0.08511482828074311,0.054201893000698886,-0.04625177160443297,-0.014773537395810731,0.0077730194382446,0.012701421954789844,-0.0005418144685725987,0.0010386506805123024,0.002860546868820868
69,9.650000000000006,9.400000000000006,9.900000000000006,53,0.11310891649095724,PC1,1,0.3737626238254924,0.3333333333333333,0.08421525743867886,0.05509282803070211,-0.04706033301918922,-0.01541069082929621,0.007344917623194247,0.012279173125616464,-0.0002528405008998986,0.000703691528161922,0.0029577610680463825
70,9.750000000000007,9.500000000000007,10.000000000000007,53,0.1255286770259453,PC1,1,0.3642649067087707,0.3333333333333333,0.09148326167701804,0.06306639447621144,-0.05333265790370741,-0.017894223913265637,0.007561783484828709,0.013322337532834046,-0.00034314325372795723,0.000854262885610347,0.003286802226594983
71,9.850000000000007,9.600000000000007,10.100000000000007,51,0.13186656814778666,PC1,1,0.3564770927809188,0.2857142857142857,0.09432797856484734,0.0678330137529105,-0.05703021533368458,-0.01951686675428909,0.007386802061621413,0.01374900950838779,-0.00039130573817166094,0.0009587409683745864,0.003417680448262107
72,9.950000000000006,9.700000000000006,10.200000000000006,50,0.1422531474566411,PC1,1,0.34857928004674305,0.2857142857142857,0.09975065802216787,0.07490181423958012,-0.06260367265719809,-0.021823616652816846,0.007272701250405624,0.014564375826878176,-0.00047258756608105904,0.001090876261935634,0.0036831723249722134
73,10.050000000000006,9.800000000000006,10.300000000000006,50,0.1553313199331644,PC1,1,0.3480590014700245,0.2857142857142857,0.10876046819770377,0.08215452376784903,-0.06820216768344038,-0.023809130961533163,0.007860436793137948,0.01585100246640959,-0.0005448380587796412,0.001259877715442431,0.004034656623867734
74,10.150000000000006,9.900000000000006,10.400000000000006,49,0.16307466797492856,PC1,1,0.3419643653502967,0.2857142857142857,0.11219853140684921,0.08784034538868588,-0.07268185040898767,-0.025875692752375137,0.007350733942113144,0.016197306692541012,-0.0004756229298662248,0.001146193273476457,0.004333790859572307
75,10.250000000000007,10.000000000000007,10.500000000000007,47,0.16707650672994656,PC1,1,0.3413613905684709,0.2857142857142857,0.11479590960288186,0.09018299743588046,-0.0744708584800165,-0.026518415228404493,0.007514223112501088,0.016632845740680427,-0.0005177371954258889,0.0012506483216801127,0.004404863742085701
76,10.350000000000007,10.100000000000007,10.600000000000007,47,0.17550281112276284,PC1,1,0.34362226758512054,0.2857142857142857,0.12145277713648264,0.09416125242512483,-0.0776301372957746,-0.027370312203804023,0.00833225786233983,0.017774337349732702,-0.000689322895729109,0.0015210828565341108,0.004517026062334956
77,10.450000000000006,10.200000000000006,10.700000000000006,46,0.18121417278940088,PC1,1,0.3430585653412875,0.2857142857142857,0.12522679765475148,0.09737963209412523,-0.08023142645499137,-0.028316083475199334,0.008570053603779167,0.018357353528060446,-0.0007073684350035718,0.0015825438882508625,0.004659118492968128
78,10.550000000000008,10.300000000000008,10.800000000000008,45,0.1865981414454085,PC1,1,0.3368282560749883,0.2857142857142857,0.12679330645874698,0.10171484436880593,-0.08398833766754757,-0.030041614111134502,0.008100175266980985,0.01866115465812225,-0.0007495177776004445,0.0015979018985896628,0.004786253305207852
79,10.650000000000007,10.400000000000007,10.900000000000007,44,0.1905535755739264,PC1,1,0.3388432672569641,0.2857142857142857,0.13037583313686024,0.10329737386467318,-0.08515323681508781,-0.030168019309724972,0.008862977074818252,0.019387124294953567,-0.0008939906574729109,0.0018836824267866503,0.00474513345901459
80,10.750000000000007,10.500000000000007,11.000000000000007,43,0.19442493458779458,PC1,1,0.33649518552268237,0.2857142857142857,0.13217223342713116,0.10598161370870694,-0.08739840478540388,-0.031122839575357622,0.008771647550063457,0.019686453474571975,-0.0009090557962365164,0.0019174879163199078,0.004831124122282645
81,10.850000000000007,10.600000000000007,11.100000000000007,43,0.20299753763484213,PC1,1,0.33604304917959105,0.2857142857142857,0.1379730196236126,0.11068333980289993,-0.09123178088186482,-0.032407920768426204,0.009315777303756266,0.020729662212945504,-0.0010746070172683083,0.0022032719343370658,0.004962002692841355
82,10.950000000000006,10.700000000000006,11.200000000000006,42,0.2066585387286776,PC1,1,0.3343464784587995,0.2857142857142857,0.13983018676718378,0.11317915671456807,-0.09317357848921021,-0.033198500020148985,0.009340505784160994,0.021055797432002966,-0.001128787664057124,0.0022985440176137577,0.00501435254447706
83,11.050000000000008,10.800000000000008,11.300000000000008,41,0.20823141732451378,PC1,1,0.3365347846215076,0.2857142857142857,0.14191304136969488,0.11342475811884248,-0.09315221984130588,-0.03290053113568977,0.00999502000664008,0.021529402760262387,-0.0012642350270286584,0.002562843317139741,0.0049470214542894275
84,11.150000000000007,10.900000000000007,11.400000000000007,40,0.20901005279262408,PC1,1,0.336095812842618,0.2857142857142857,0.14226318088980888,0.11408511741205286,-0.09349284968257532,-0.033055933231321756,0.009960636358417678,0.021565099404467162,-0.001276269557191631,0.0026242682526657866,0.004958267456598954
85,11.250000000000007,11.000000000000007,11.500000000000007,40,0.21535534901839132,PC1,1,0.3343958682962382,0.2857142857142857,0.14592979362602765,0.11807241421977419,-0.09662650139078015,-0.034277485383998677,0.010105479256089784,0.022184013203579125,-0.00133657564415573,0.002765780054848706,0.0051002726949964
86,11.350000000000009,11.100000000000009,11.600000000000009,38,0.2106819582705479,PC1,1,0.33382275704989267,0.2857142857142857,0.14254662878009713,0.11570252061334402,-0.09460353544609423,-0.03359017997974817,0.009856039789980791,0.021703600243725286,-0.0013033609696874182,0.0027226101931496194,0.004984439579955509
87,11.450000000000008,11.200000000000008,11.700000000000008,38,0.21702750594873055,PC1,1,0.33448770142747164,0.2857142857142857,0.14723706388346408,0.11890316310762677,-0.09721081707072003,-0.03435225976348702,0.010403719399138268,0.022565728500924562,-0.0014567701834030415,0.0029867314324799315,0.005070525589969405
88,11.550000000000008,11.300000000000008,11.800000000000008,37,0.21156738988417473,PC1,1,0.33791512057188916,0.375,0.14549006618372032,0.11436481957301828,-0.09364416742074869,-0.03229040345406847,0.011320980567576458,0.023135512600559082,-0.002016780579391328,0.0037274973336545378,0.004561876429546433
89,11.650000000000007,11.400000000000007,11.900000000000007,37,0.21838300295955737,PC1,1,0.334899201819881,0.375,0.14883080269876325,0.11901116232009501,-0.0974911760966198,-0.03394578605653732,0.01108682413573898,0.023595624948411324,-0.0019836515420305614,0.0036659968825369527,0.004793745142543401
90,11.750000000000007,11.500000000000007,12.000000000000007,36,0.2173079105193441,PC1,1,0.336661066916385,0.375,0.14893553146542282,0.11777438123132243,-0.09654529441770154,-0.033342889943798595,0.011459720529378846,0.02377880212286012,-0.0020679269582226665,0.0038227198060215356,0.0046628584945281396
91,11.850000000000009,11.600000000000009,12.100000000000009,36,0.22298573554733148,PC1,1,0.3360126500399238,0.375,0.15257707751039132,0.12105209885521778,-0.09919053265768053,-0.03428347199260261,0.011697382867154263,0.024397547487429144,-0.0021491928897110855,0.003970205695304531,0.004763839339729195
92,11.950000000000008,11.700000000000008,12.200000000000008,35,0.22359410492558168,PC1,1,0.3344875980142122,0.375,0.15218401940961174,0.12208030775987384,-0.09983765680911327,-0.034777694477434395,0.011359027433569806,0.024147408509598105,-0.0019776214469555066,0.0037704904364203574,0.004842341796773867
93,12.050000000000008,11.800000000000008,12.300000000000008,34,0.2260325813596786,PC1,1,0.33061072310339995,0.375,0.15180691664102955,0.12486330954480293,-0.10215164588710357,-0.03625137675681547,0.010430244416484179,0.02359110141130221,-0.0016283789315348477,0.0032879011687261574,0.0051603076407564915
94,12.15000000000001,11.90000000000001,12.40000000000001,34,0.2283033474724767,PC1,1,0.3326311226748591,0.375,0.15445817262244765,0.1252658562106955,-0.10255442076642234,-0.03601371992170546,0.011201229186363551,0.024323961167322362,-0.0018543168473816544,0.003663080929261984,0.005017980541895878
95,12.250000000000009,12.000000000000009,12.500000000000009,34,0.22763166786132324,PC1,1,0.3371012110424337,0.375,0.1564319392953305,0.12304875641849693,-0.10083025076452082,-0.03460473952785104,0.012467855402989614,0.025259828083691115,-0.0023689455858307363,0.004378901584226673,0.004659146169010745
96,12.350000000000009,12.100000000000009,12.600000000000009,33,0.20616596420805788,PC1,1,0.34701445595681935,0.375,0.1471872737856691,0.1067986815204275,-0.08773240919856147,-0.027759241042494574,0.01459065429195561,0.026133064034898706,-0.004081440608012953,0.006609580088121437,0.0032608031130903887
97,12.450000000000008,12.200000000000008,12.700000000000008,32,0.19641839894110644,PC1,1,0.35247128914557907,0.375,0.14248746807126655,0.09963485463992534,-0.0821680013566682,-0.025211586022414884,0.015045620312989127,0.025775823655227768,-0.004235177897598348,0.006785020008689671,0.0029091416848745226
98,12.550000000000008,12.300000000000008,12.800000000000008,32,0.19850003503765262,PC1,1,0.3527504589654174,0.375,0.14429271970759444,0.1004611751746669,-0.08270758827005284,-0.0252260448208724,0.01548889265113077,0.02631642722343621,-0.00452414358233114,0.0071691477957486205,0.0028642703208781846
99,12.65000000000001,12.40000000000001,12.90000000000001,31,0.18846780989848014,PC1,1,0.3571656833447851,0.375,0.13913941676028263,0.09324990052860761,-0.07690171058395341,-0.022371145199452925,0.016112708196957377,0.02637441942546238,-0.005144056801305657,0.007964842931033545,0.0023072680616018156
100,12.750000000000009,12.500000000000009,13.000000000000009,30,0.18830467859548486,PC1,1,0.3544967215674347,0.375,0.13764634716994836,0.09452011076477092,-0.0779472631215158,-0.023424171920480373,0.015207441762739101,0.02540750233996077,-0.004446203906553767,0.007092691027468815,0.0025949256496693453
101,12.850000000000009,12.600000000000009,13.100000000000009,30,0.20187048008385833,PC1,1,0.3469852575161057,0.375,0.14344458770344842,0.10503277382073484,-0.08666853355787328,-0.028097518171785706,0.013647497458028443,0.024625409710444156,-0.003031138706361465,0.005291581985223015,0.003563501490638518
102,12.95000000000001,12.70000000000001,13.20000000000001,30,0.19920884852447396,PC1,1,0.3500593598107573,0.375,0.1427645216355474,0.10248902542026425,-0.08488336684235895,-0.027108842348347335,0.0140031469244133,0.024752815038679037,-0.003067268981110079,0.005331542268812246,0.003428936128035638
103,13.05000000000001,12.80000000000001,13.30000000000001,30,0.17933646820605673,PC1,1,0.36081823945852337,0.375,0.13291779121921693,0.08775346362986845,-0.07365604065260306,-0.02141666292022165,0.015062539682205896,0.02493809930425451,-0.0040001894182081325,0.0062931051558739815,0.002340911203011188
104,13.15000000000001,12.90000000000001,13.40000000000001,29,0.1589611090972304,PC1,1,0.36800642733271893,0.375,0.12027012466494086,0.07492511348003864,-0.0636595803725181,-0.017218292170369826,0.014729803731707423,0.02373195053506708,-0.004129671930019747,0.006366968002343153,0.001783778032505815
105,13.250000000000009,13.000000000000009,13.500000000000009,29,0.13028112617887325,PC1,1,0.38711673652817413,0.42857142857142855,0.10448029603001747,0.05299051860258074,-0.04630108682777856,-0.008043962474476982,0.016390492069666918,0.025156668011893882,-0.006958656770033227,0.00951928058939313,5.255179809403028e-05
106,13.350000000000009,13.100000000000009,13.600000000000009,28,0.09969563493709835,PC1,1,0.4097823831784512,0.375,0.08472942603896018,0.029506427327233044,-0.027498195759534112,0.0010584851220746395,0.01725223380196122,0.025000616728219623,-0.008798175617599971,0.011394162634965968,-0.0015291598738887944
107,13.45000000000001,13.20000000000001,13.70000000000001,28,0.08071051267057415,PC1,1,0.3983519564021766,0.375,0.06930376043314085,0.009175806132735947,-0.011109933513254936,0.009801886007539054,0.018823508205047326,0.02649263620016077,-0.011471055428769293,0.014436213548870602,-0.0033614025280225613
108,13.55000000000001,13.30000000000001,13.80000000000001,27,0.0729446846103689,PC1,1,0.3939363281050006,0.375,0.06174825375571662,0.004232265289363259,-0.007031510683756891,0.011208531059083216,0.01786301474332015,0.02544302038132499,-0.011528488256831455,0.014289011892223924,-0.0034026910467218037
109,13.65000000000001,13.40000000000001,13.90000000000001,27,0.06975047717491763,PC1,1,0.3713368345133729,0.5,0.05648749223096742,-0.0018531550603120206,-0.002006746668109682,0.014113695188370322,0.018091139975123342,0.02633586337108066,-0.013122871449047805,0.016070206783147828,-0.0040381101552885625
110,13.75000000000001,13.50000000000001,14.00000000000001,26,0.06555795438223634,PC1,1,0.34743870374356317,0.42857142857142855,0.05135598107917397,-0.004462264439176757,0.0004613126674159436,0.015034977971679393,0.01717816661177105,0.025755503149335467,-0.013424624769352847,0.01610182347836673,-0.0040384148033803515
111,13.85000000000001,13.60000000000001,14.10000000000001,26,0.0669868115566001,PC1,1,0.29407471304350763,0.375,0.04841056636114996,-0.008798101208377413,0.004273587479757478,0.01788681089114727,0.017996098553084962,0.02778829427194641,-0.01583276738220476,0.018959688918389696,-0.004674041067292908
112,13.95000000000001,13.70000000000001,14.20000000000001,25,0.06712198656294033,PC1,1,0.24800826423536765,0.375,0.04355378776794398,-0.01232222930511954,0.007584802781871281,0.019944560965678218,0.017767921507174655,0.02910620310267351,-0.018541661768769903,0.021633000317275473,-0.005160092364003206
113,14.05000000000001,13.80000000000001,14.30000000000001,25,0.0740051331236168,PC1,1,0.1876932159581128,0.375,0.03861947689083771,-0.018989622944914814,0.013612880959277013,0.02461903231001844,0.018585853869903406,0.033350066680730366,-0.024109856567685068,0.02744037910862352,-0.006431343002607587
114,14.15000000000001,13.90000000000001,14.40000000000001,25,0.0787115495830211,PC1,1,0.16633955900491634,0.375,0.0368086170107242,-0.02142661239352716,0.01581660322440962,0.02671343585533475,0.018909331427515472,0.03583017875801645,-0.027572153322697367,0.031067115683098907,-0.007141960481258257
115,14.25000000000001,14.00000000000001,14.50000000000001,25,0.0839492111300089,PC6,1,0.16256942897220736,0.375,0.035549547150941024,-0.022722854720686383,0.017043280597884302,0.028121153849579427,0.018966482870401372,0.03839890141101249,-0.03190641869791663,0.035676344525924414,-0.0078150302482697
116,14.35000000000001,14.10000000000001,14.60000000000001,25,0.08823133838564892,PC6,1,0.1631571338255624,0.375,0.03480612125533613,-0.023177344630048075,0.01758414770252523,0.02878901444166855,0.018757199446580476,0.040364588775720876,-0.03554848948574281,0.0397324434345116,-0.008637671290828172
117,14.45000000000001,14.20000000000001,14.70000000000001,24,0.08599288721181919,PC8,1,0.16530895887662095,0.375,0.03305295147971771,-0.02214929010639204,0.016805947605192568,0.027652019630278926,0.017691884495103144,0.03922563372374257,-0.03551877177254813,0.03973278961449106,-0.008525438167514107
118,14.550000000000011,14.300000000000011,14.800000000000011,24,0.08709172293393068,PC8,1,0.16963132871495348,0.375,0.03288747160319871,-0.021985387195229588,0.016594883837890876,0.027417401014182434,0.017596740228870745,0.03956067204863583,-0.036662602304133776,0.04117702229149217,-0.008862026006078072
119,14.650000000000011,14.400000000000011,14.900000000000011,23,0.08330818684196632,PC8,1,0.170837344676748,0.375,0.03133021277011835,-0.020942346790594674,0.015816531137237338,0.026099703311807592,0.01672166093143457,0.037773693242028644,-0.03518788101421703,0.03964082414736071,-0.008525546820970408
120,14.75000000000001,14.50000000000001,15.00000000000001,23,0.08348743180768872,PC8,1,0.17407881529451713,0.375,0.031258424248780364,-0.020689064904334323,0.015552742068892036,0.02568459062480255,0.01674065725654765,0.03752794265177287,-0.035398542550675066,0.04047046976882801,-0.009161166530975623
121,14.85000000000001,14.60000000000001,15.10000000000001,22,0.07958913084487503,PC8,1,0.17419632448082492,0.375,0.029744963204954858,-0.01965348500077901,0.014748043844802978,0.02447524154469723,0.015979718556313836,0.03578557444767812,-0.03383330148375759,0.0385960278577679,-0.008749902548338797
122,14.95000000000001,14.70000000000001,15.20000000000001,23,0.08316116361012535,PC8,1,0.17426603094230778,0.375,0.031061334545743096,-0.02053260172709329,0.015460421399829819,0.025576293406780748,0.016664563875703038,0.03741628644315996,-0.03530828706494936,0.04034755467030902,-0.0091611679143846
123,15.050000000000011,14.800000000000011,15.300000000000011,22,0.07903812168215096,PC8,1,0.17408235834789088,0.375,0.029544225661857878,-0.019549161307924147,0.014748043239461585,0.024348921226249532,0.01590362523867403,0.03556219509654187,-0.03347209426489391,0.03831951364180355,-0.008675120801829903
124,15.150000000000011,14.900000000000011,15.400000000000011,22,0.07870978697331008,PC8,1,0.17359312983927766,0.375,0.029448114633206953,-0.01948212147700953,0.014748043612230711,0.02425864689037363,0.015827530981886304,0.035472842148094555,-0.03338183606287083,0.03804299340375582,-0.008488210662766917
125,15.25000000000001,15.00000000000001,15.50000000000001,21,0.07447834774163949,PC8,1,0.17102138254306581,0.375,0.02790058104755639,-0.018647706562032188,0.014233597858866414,0.023320068947864134,0.014990498266148044,0.03386450238057827,-0.031455385151600915,0.03546173217694557,-0.00747855012633071
126,15.350000000000012,15.100000000000012,15.600000000000012,21,0.07395784467643526,PC8,1,0.17001497897392598,0.375,0.027831225862542545,-0.018625345255096022,0.014194002927558454,0.02330204743693966,0.014971446547961233,0.033663495569761386,-0.03106412392061178,0.03503152582064784,-0.007366430237758811
127,15.450000000000012,15.200000000000012,15.700000000000012,21,0.07328361938380994,PC8,1,0.16842127685410768,0.375,0.027764314724867404,-0.018625345992580193,0.014180833071908988,0.023320070270184273,0.014952452097117023,0.03339543945820532,-0.030552363760003733,0.034416843647687136,-0.007142074080437947
128,15.550000000000011,15.300000000000011,15.800000000000011,21,0.07266650798535189,PC8,1,0.1672845880753643,0.375,0.027758218611000654,-0.0185806452644746,0.01406213030079499,0.023247872020295293,0.014952452223026803,0.03310508005680649,-0.03010089921894802,0.03392527121398703,-0.007067172562983748
129,15.650000000000011,15.400000000000011,15.900000000000011,21,0.07091832774971263,PC6,1,0.16315848987585993,0.375,0.02782632991668967,-0.018543406979489904,0.013969770772316302,0.023157653836781505,0.015066593413915476,0.03241270771813591,-0.02859614517786785,0.032204815748190736,-0.006880382982856781
130,15.75000000000001,15.50000000000001,16.00000000000001,21,0.06917254770298037,PC6,1,0.16239113669223718,0.375,0.027968699382720882,-0.0184316662343072,0.013798302396351811,0.022886937181707798,0.015199728597898539,0.031563718721005295,-0.027120870867480745,0.03066786380261187,-0.0067306947659171576
131,15.850000000000012,15.600000000000012,16.100000000000012,20,0.0633528570926119,PC6,1,0.16186034644494907,0.375,0.027114369226800338,-0.01699401707675849,0.01242664544534519,0.021064189850233114,0.01476209754639352,0.028861207739956325,-0.023690056435504123,0.027226869626001123,-0.006169863533881708
132,15.950000000000012,15.700000000000012,16.20000000000001,19,0.057255439129717235,PC1,1,0.16267932024119938,0.375,0.02628616787390481,-0.015600613406036426,0.011067649222538398,0.01911454381528663,0.014362757137538538,0.02595682765720814,-0.01998683225727209,0.02326194543812425,-0.005945388242399228
133,16.05000000000001,15.800000000000011,16.30000000000001,19,0.05645695533344427,PC1,1,0.16544819965144816,0.375,0.02637114154963305,-0.015414469385849713,0.01083037497937938,0.018807848781428566,0.014476774722217221,0.025443380517341074,-0.01932520456236299,0.02274009917506037,-0.005982839968492701
134,16.150000000000013,15.900000000000013,16.400000000000013,19,0.05429250312061065,PC1,1,0.1801476688798421,0.375,0.027431811746321807,-0.014230153895320632,0.009511447213779459,0.017508515364604186,0.014724111001033026,0.024237130971858825,-0.017519164083077986,0.021203640750252113,-0.005908056144361959
135,16.250000000000014,16.000000000000014,16.500000000000014,18,0.04870489413131598,PC1,1,0.20140721441849596,0.375,0.027147020356658447,-0.012032522692607791,0.0075196899059041,0.015180207762619002,0.014077373768771112,0.02137800358948935,-0.014298426722008557,0.017731476082981285,-0.005422011734460138
136,16.350000000000012,16.100000000000012,16.600000000000012,19,0.05114612126552215,PC1,1,0.205903670425137,0.375,0.029044034031724567,-0.012278022445108783,0.007572065692374438,0.015703320552862055,0.014933400207357832,0.02231598217109938,-0.014870191406036699,0.01846867685626918,-0.005870723804264027
137,16.45000000000001,16.20000000000001,16.70000000000001,19,0.05027047389032272,PC1,1,0.21631915364283077,0.375,0.02970327412312214,-0.011555395985088307,0.00685985758714365,0.015089752830665439,0.015047416051442877,0.02169066328283839,-0.013937410745173432,0.017670014549753373,-0.00575848526982156
138,16.55000000000001,16.30000000000001,16.80000000000001,18,0.0461786528600753,PC1,1,0.22974340599461068,0.375,0.028614589088344054,-0.010340912471750657,0.005830794343109691,0.013645668231844975,0.014305593820189137,0.01965779176056591,-0.011769860947162668,0.015150012970278176,-0.005234984737110726
139,16.650000000000013,16.400000000000013,16.900000000000013,18,0.048095331734126424,PC1,1,0.2055606502350371,0.375,0.02729752768235322,-0.01164425856271669,0.007109864692334449,0.014746246468036938,0.01426773833300606,0.020908056517084415,-0.013875716089233376,0.01729983939597978,-0.0056462442522087425
140,16.750000000000014,16.500000000000014,17.000000000000014,18,0.049640984900452906,PC1,1,0.18880447823586055,0.375,0.026225444820326408,-0.01274700367909631,0.008165403122470976,0.015540671849675888,0.014248554081584534,0.0217796567333315,-0.015321268770445037,0.018929273506313266,-0.005945386474042483
141,16.850000000000012,16.600000000000012,17.100000000000012,18,0.04897737263447642,PC1,1,0.19931954114903117,0.375,0.027060306099412082,-0.011890072933109386,0.007254945776857918,0.014836522580752982,0.014362760389864703,0.021332515807456806,-0.01471873702900254,0.018436976479188866,-0.005870600565387124
142,16.950000000000014,16.700000000000014,17.200000000000014,17,0.046009357096809235,PC1,1,0.19824014027810435,0.375,0.025323900446997456,-0.011286847775823637,0.006872636623383597,0.01393422511708249,0.013563709149332233,0.020059510684394773,-0.013756022258191577,0.017300460037742226,-0.0056462438360955205
143,17.05000000000001,16.80000000000001,17.30000000000001,17,0.046549659014098195,PC1,1,0.19411466422351573,0.375,0.025128838538270554,-0.011316977597062947,0.00695218917198415,0.01397063127649956,0.013525532751634838,0.020372699111379365,-0.014358753516336536,0.018069474709168407,-0.005758484996978658
144,17.150000000000013,16.900000000000013,17.400000000000013,17,0.04571394685263166,PC1,1,0.20083455534784544,0.375,0.025424725745046655,-0.01097409115814895,0.00651666631123975,0.013555335225405633,0.013639804471599959,0.019903331403138463,-0.013515517357168591,0.01727008985865568,-0.005795812960858706
145,17.250000000000014,17.000000000000014,17.500000000000014,17,0.04533671547950863,PC1,1,0.2072163317202623,0.375,0.025863330551305314,-0.010511553041185031,0.006054363730960123,0.013193916935276747,0.01369690630663516,0.01963497506512962,-0.01309349803276124,0.0169314986965467,-0.00583314363086933
146,17.350000000000012,17.100000000000012,17.600000000000012,16,0.0435139254540688,PC1,1,0.1896498758960952,0.375,0.023039194217059293,-0.010810113154847626,0.0066088029327805425,0.013031742746021266,0.012593678831077895,0.019098853326854136,-0.013544943372301575,0.01714653720708984,-0.005608914562859998
147,17.450000000000014,17.200000000000014,17.700000000000014,17,0.04694152355890899,PC1,1,0.18345943304043272,0.375,0.024098161623746193,-0.01161517504032154,0.007202998352461667,0.014079063705009357,0.013278192061227406,0.02070789877924937,-0.0152620068339544,0.01905304606416147,-0.006057627910792994
148,17.55000000000001,17.30000000000001,17.80000000000001,17,0.04636258074356173,PC1,1,0.18978862373289915,0.375,0.02449352314950961,-0.011026845273918008,0.006688610889503718,0.01369999908562422,0.013278389051615153,0.02041716010623359,-0.014809823554691097,0.0186222033861501,-0.0060203018503763
149,17.650000000000013,17.400000000000013,17.900000000000013,16,0.041718344130494904,PC1,1,0.23151314076870338,0.375,0.025712500473962247,-0.007443424810834842,0.0036150748492608797,0.011082777783376874,0.012726742729038154,0.017848242768562877,-0.011829789318927307,0.01545702746828747,-0.005347231993151678
150,17.750000000000014,17.500000000000014,18.000000000000014,16,0.04150595130993106,PC1,1,0.24543411931359604,0.375,0.02658244744902999,-0.006385310162736754,0.002717953445265945,0.010523330223523857,0.012726608954415816,0.017602797302538744,-0.011438950735858888,0.01505802804520842,-0.0052724467814328855
151,17.850000000000016,17.600000000000016,18.100000000000016,16,0.040540913929443124,PC1,1,0.2659123087214412,0.375,0.02742555286272443,-0.005558332909483974,0.0018473181572604522,0.009783329935094667,0.01299293784580857,0.016753950757404972,-0.009934018789974214,0.01364448032296097,-0.005197661612002264
152,17.950000000000014,17.700000000000014,18.200000000000014,15,0.03752938576025563,PC1,1,0.27898758891989256,0.375,0.026128258074642766,-0.004611481377235669,0.001200200690294853,0.00869970517649474,0.012156179176278691,0.015278996570896606,-0.008668485978506248,0.012199041642629216,-0.004711487943528589
153,18.05000000000001,17.80000000000001,18.30000000000001,15,0.037954634786502836,PC1,1,0.24748670728013183,0.375,0.024516941387179345,-0.006018829237038877,0.0025846706746100972,0.009655981408077772,0.011813756211650345,0.01597127788894465,-0.010052911240772188,0.013550915964286288,-0.004898385534057576
154,18.150000000000013,17.900000000000013,18.400000000000013,15,0.039456457818961246,PC1,1,0.19440742813067394,0.375,0.02124271269554765,-0.008954481137852879,0.005381594523763851,0.01149730339391306,0.011319006031327032,0.01731188870459962,-0.012521728888469691,0.015917580638622083,-0.005122742210457143
155,18.250000000000014,18.000000000000014,18.500000000000014,15,0.039323008240128694,PC1,1,0.1881972459460613,0.375,0.02063137009668761,-0.009416976332845384,0.005751472944123244,0.01158783923182473,0.01131900885941179,0.017289666476500907,-0.012551982826932739,0.01591779369961346,-0.00516020203718951
156,18.350000000000016,18.100000000000016,18.600000000000016,15,0.0390735353259078,PC1,1,0.19005288144663357,0.375,0.02067881241500758,-0.009238152069872682,0.005606350237851004,0.01142543224831944,0.011261901600963915,0.017133347822843974,-0.012431701005511105,0.01579488647567467,-0.005234987802773589
157,18.450000000000014,18.200000000000014,18.700000000000014,15,0.038857622328414096,PC1,1,0.18910021342103187,0.375,0.0204791684205836,-0.009268085103421655,0.00563287437933409,0.01133528167027377,0.011166819946101202,0.017044076584486437,-0.01234156229976274,0.015795111048348433,-0.0052349862141080625
158,18.550000000000015,18.300000000000015,18.800000000000015,15,0.037350545955881824,PC1,1,0.20954345152362414,0.375,0.02149447163560628,-0.00838941520081637,0.004670366027473246,0.010379021768331219,0.011509033510413803,0.016106207077069352,-0.010596380353398318,0.014197751174801211,-0.005234988006679392
159,18.650000000000013,18.400000000000013,18.900000000000013,14,0.03371627317729218,PC1,1,0.23247530831421906,0.375,0.02101702187091559,-0.006794531906264284,0.003284700746098057,0.008808206867067235,0.01086244498239701,0.014207018626875676,-0.008548637364779418,0.011984447315137023,-0.00489838443874554
160,18.750000000000014,18.500000000000014,19.000000000000014,14,0.0336889620288995,PC1,1,0.22688769209953422,0.375,0.0206414165912224,-0.007069945121802514,0.003521844929130603,0.008970411504467951,0.01086251924177503,0.014229058220859809,-0.008638423381457401,0.012106895847347313,-0.004935846198599729
161,18.850000000000016,18.600000000000016,19.100000000000016,14,0.0348438861010808,PC1,1,0.19896363450733154,0.375,0.019192109872589017,-0.008038714592751541,0.0046170080900153265,0.0098730945000089,0.010348777028335386,0.015212270955053774,-0.010445039409914633,0.013797529684137694,-0.004935846330566639
162,18.950000000000014,18.700000000000014,19.200000000000014,14,0.03453511965397754,PC1,1,0.1992607036497125,0.375,0.01907303774539116,-0.008075839742024344,0.004630075563357131,0.00985494349228105,0.010481978430213623,0.015033481892391863,-0.01014380429080445,0.013490004703413907,-0.004935846449344926
163,19.050000000000015,18.800000000000015,19.300000000000015,13,0.033204640376539696,PC1,1,0.17257546208369648,0.375,0.016154872366119486,-0.008507556793265704,0.005447499584647122,0.010035099349795006,0.009245632921344274,0.014698030927180642,-0.01101610058448887,0.013981092505284357,-0.00452459800563468
164,19.150000000000013,18.900000000000013,19.400000000000013,14,0.03766108522331966,PC8,1,0.1584759837221177,0.375,0.016265136219207752,-0.009923505727563082,0.006846192823670842,0.011677920400594465,0.009378760402269088,0.016865036487806004,-0.013875964675884641,0.016870001987558603,-0.004748954813162033
165,19.250000000000014,19.000000000000014,19.500000000000014,14,0.03757896363095354,PC6,1,0.15860772354893077,0.375,0.01613085205146227,-0.009908777362262564,0.006886147755536065,0.011660252827818822,0.009283242617720087,0.016843256228658666,-0.013967481048625496,0.016840392623516325,-0.004674023908170231
166,19.350000000000016,19.100000000000016,19.600000000000016,13,0.034247265971126796,PC6,1,0.15844099580530718,0.375,0.014917038341097151,-0.009074245888194152,0.006239485747152473,0.010631111484258595,0.008617749491131645,0.015346131279030534,-0.01258179878391232,0.015149272612855879,-0.004300240521837449
167,19.450000000000014,19.200000000000014,19.700000000000014,13,0.03439259697414506,PC6,1,0.15936428213168158,0.375,0.014716137359156261,-0.009081739138974249,0.0062395863698050565,0.010703448592955921,0.008503463769843619,0.015480330543534697,-0.012823065928411906,0.015364789459040653,-0.00422545707214643
168,19.550000000000015,19.300000000000015,19.800000000000015,13,0.03418859507696099,PC6,1,0.15936652418496378,0.375,0.014677205979026045,-0.009022137953363108,0.006186820534226556,0.010595150935402291,0.008465417455363135,0.015391065538681744,-0.012672620117504975,0.015303331166954407,-0.00426277802750872
169,19.650000000000016,19.400000000000016,19.900000000000016,13,0.03384437492293376,PC6,1,0.15943753027957958,0.375,0.014687020568863235,-0.008977437437684796,0.006068071925773171,0.010522953019158754,0.008541585518241166,0.015256862630015078,-0.012311174528434072,0.015026587444966644,-0.004300096703470922
170,19.750000000000014,19.500000000000014,20.000000000000014,13,0.03465230292220419,PC8,1,0.16345053280730237,0.375,0.014224686239782163,-0.008999773950412984,0.006279137686333241,0.010775650017664127,0.008142052016677453,0.01568133476177455,-0.013334611486666769,0.015948475255086074,-0.004187990834606414
